Mobile,Average_Actual_Rating
iPhone 15,4.5948717948717945
iPhone 16,4.634214186369959
iQOO Z10,4.315789473684211
