Model,Accuracy,F1 Score
TextBlob,0.7616892911010558,0.8240754001750495
VADER,0.7460030165912519,0.817855343645862
BERT,0.869079939668175,0.8776466974107703
