Model,Accuracy,F1 Score
TextBlob,0.8358831710709318,0.8739164592064862
VADER,0.8261474269819193,0.8685614166493462
BERT,0.847009735744089,0.8707345890405924
