Model,Accuracy,F1 Score
TextBlob,0.8947368421052632,0.8836437246963562
VADER,0.6666666666666666,0.7255142165759226
BERT,0.7017543859649122,0.7473739423302553
